{
  "Africa/Abidjan": [5.31666, -4.03334],
  "Africa/Accra": [5.55, -0.21666999999999],
  "Africa/Addis_Ababa": [9.03333, 38.7],
  "Africa/Algiers": [36.78333, 3.05],
  "Africa/Asmara": [15.33333, 38.88333],
  "Africa/Bamako": [12.65, -8],
  "Africa/Bangui": [4.36666, 18.58333],
  "Africa/Banjul": [13.46666, -16.65],
  "Africa/Bissau": [11.85, -15.58334],
  "Africa/Blantyre": [-15.78334, 35],
  "Africa/Brazzaville": [-4.26667, 15.28333],
  "Africa/Bujumbura": [-3.38334, 29.36666],
  "Africa/Cairo": [30.05, 31.25],
  "Africa/Casablanca": [33.65, -7.58334],
  "Africa/Ceuta": [35.88333, -5.31667],
  "Africa/Conakry": [9.51666, -13.71667],
  "Africa/Dakar": [14.66666, -17.43334],
  "Africa/Dar_es_Salaam": [-6.8, 39.28333],
  "Africa/Djibouti": [11.6, 43.15],
  "Africa/Douala": [4.05, 9.7],
  "Africa/El_Aaiun": [27.15, -13.2],
  "Africa/Freetown": [8.5, -13.25],
  "Africa/Gaborone": [-24.65001, 25.91666],
  "Africa/Harare": [-17.83334, 31.05],
  "Africa/Johannesburg": [-26.25, 28],
  "Africa/Juba": [4.85, 31.6],
  "Africa/Kampala": [0.31666, 32.41666],
  "Africa/Khartoum": [15.6, 32.53333],
  "Africa/Kigali": [-1.95, 30.06666],
  "Africa/Kinshasa": [-4.3, 15.3],
  "Africa/Lagos": [6.45, 3.4],
  "Africa/Libreville": [0.38333, 9.45],
  "Africa/Lome": [6.13333, 1.21666],
  "Africa/Luanda": [-8.8, 13.23333],
  "Africa/Lubumbashi": [-11.66667, 27.46666],
  "Africa/Lusaka": [-15.41667, 28.28333],
  "Africa/Malabo": [3.75, 8.78333],
  "Africa/Maputo": [-25.96667, 32.58333],
  "Africa/Maseru": [-29.46667, 27.5],
  "Africa/Mbabane": [-26.3, 31.1],
  "Africa/Mogadishu": [2.06666, 45.36666],
  "Africa/Monrovia": [6.3, -10.78334],
  "Africa/Nairobi": [-1.28334, 36.81666],
  "Africa/Ndjamena": [12.11666, 15.05],
  "Africa/Niamey": [13.51666, 2.11666],
  "Africa/Nouakchott": [18.1, -15.95],
  "Africa/Ouagadougou": [12.36666, -1.51667],
  "Africa/Porto-Novo": [6.48333, 2.61666],
  "Africa/Sao_Tome": [0.33333, 6.73333],
  "Africa/Tripoli": [32.9, 13.18333],
  "Africa/Tunis": [36.8, 10.18333],
  "Africa/Windhoek": [-22.56667, 17.1],
  "America/Adak": [51.88, -176.65806],
  "America/Anchorage": [61.21805, -149.90028],
  "America/Anguilla": [18.2, -63.06667],
  "America/Antigua": [17.05, -61.8],
  "America/Araguaina": [-7.2, -48.2],
  "America/Argentina/Buenos_Aires": [-34.6, -58.45],
  "America/Argentina/Catamarca": [-28.46667, -65.78334],
  "America/Argentina/Cordoba": [-31.4, -64.18334],
  "America/Argentina/Jujuy": [-24.18334, -65.3],
  "America/Argentina/La_Rioja": [-29.43334, -66.85],
  "America/Argentina/Mendoza": [-32.88334, -68.81667],
  "America/Argentina/Rio_Gallegos": [-51.63334, -69.21667],
  "America/Argentina/Salta": [-24.78334, -65.41667],
  "America/Argentina/San_Juan": [-31.53334, -68.51667],
  "America/Argentina/San_Luis": [-33.31667, -66.35],
  "America/Argentina/Tucuman": [-26.81667, -65.21667],
  "America/Argentina/Ushuaia": [-54.8, -68.3],
  "America/Aruba": [12.5, -69.96667],
  "America/Asuncion": [-25.26667, -57.66667],
  "America/Atikokan": [48.75861, -91.62167],
  "America/Bahia": [-12.98334, -38.51667],
  "America/Bahia_Banderas": [20.8, -105.25],
  "America/Barbados": [13.1, -59.61667],
  "America/Belem": [-1.45, -48.48334],
  "America/Belize": [17.5, -88.2],
  "America/Blanc-Sablon": [51.41666, -57.11667],
  "America/Boa_Vista": [2.81666, -60.66667],
  "America/Bogota": [4.6, -74.08334],
  "America/Boise": [43.61361, -116.2025],
  "America/Cambridge_Bay": [69.11388, -105.05278],
  "America/Campo_Grande": [-20.45, -54.61667],
  "America/Cancun": [21.08333, -86.76667],
  "America/Caracas": [10.5, -66.93334],
  "America/Cayenne": [4.93333, -52.33334],
  "America/Cayman": [19.3, -81.38334],
  "America/Chicago": [41.85, -87.65],
  "America/Chihuahua": [28.63333, -106.08334],
  "America/Costa_Rica": [9.93333, -84.08334],
  "America/Creston": [49.1, -116.51667],
  "America/Cuiaba": [-15.58334, -56.08334],
  "America/Curacao": [12.18333, -69],
  "America/Danmarkshavn": [76.76666, -18.66667],
  "America/Dawson": [64.06666, -139.41667],
  "America/Dawson_Creek": [59.76666, -120.23334],
  "America/Denver": [39.73916, -104.98417],
  "America/Detroit": [42.33138, -83.04584],
  "America/Dominica": [15.3, -61.4],
  "America/Edmonton": [53.55, -113.46667],
  "America/Eirunepe": [-6.66667, -69.86667],
  "America/El_Salvador": [13.7, -89.2],
  "America/Fortaleza": [-3.71667, -38.5],
  "America/Glace_Bay": [46.19999, -59.95],
  "America/Godthab": [64.18333, -51.73334],
  "America/Goose_Bay": [53.33333, -60.41667],
  "America/Grand_Turk": [21.46666, -71.13334],
  "America/Grenada": [12.05, -61.75],
  "America/Guadeloupe": [16.23333, -61.53334],
  "America/Guatemala": [14.63333, -90.51667],
  "America/Guayaquil": [-2.16667, -79.83334],
  "America/Guyana": [6.8, -58.16667],
  "America/Halifax": [44.65, -63.6],
  "America/Havana": [23.13333, -82.36667],
  "America/Hermosillo": [29.06666, -110.96667],
  "America/Indiana/Indianapolis": [39.76833, -86.15806],
  "America/Indiana/Knox": [41.29583, -86.625],
  "America/Indiana/Marengo": [38.37555, -86.34473],
  "America/Indiana/Petersburg": [38.49194, -87.27862],
  "America/Indiana/Tell_City": [37.95305, -86.76139],
  "America/Indiana/Vevay": [38.74777, -85.06723],
  "America/Indiana/Vincennes": [38.67722, -87.52862],
  "America/Indiana/Winamac": [41.05138, -86.60306],
  "America/Inuvik": [68.34972, -133.71667],
  "America/Iqaluit": [63.73333, -68.46667],
  "America/Jamaica": [18, -76.8],
  "America/Juneau": [58.30194, -134.41973],
  "America/Kentucky/Louisville": [38.25416, -85.75945],
  "America/Kentucky/Monticello": [36.82972, -84.84917],
  "America/Kralendijk": [12.15083, -68.27667],
  "America/La_Paz": [-16.5, -68.15],
  "America/Lima": [-12.05, -77.05],
  "America/Los_Angeles": [34.05222, -118.24278],
  "America/Lower_Princes": [18.05138, -63.04723],
  "America/Maceio": [-9.66667, -35.71667],
  "America/Managua": [12.15, -86.28334],
  "America/Manaus": [-3.13334, -60.01667],
  "America/Marigot": [18.06666, -63.08334],
  "America/Martinique": [14.6, -61.08334],
  "America/Matamoros": [25.83333, -97.5],
  "America/Mazatlan": [23.21666, -106.41667],
  "America/Menominee": [45.10777, -87.61417],
  "America/Merida": [20.96666, -89.61667],
  "America/Metlakatla": [55.12694, -131.57639],
  "America/Mexico_City": [19.4, -99.15001],
  "America/Miquelon": [47.05, -56.33334],
  "America/Moncton": [46.1, -64.78334],
  "America/Monterrey": [25.66666, -100.31667],
  "America/Montevideo": [-34.88334, -56.18334],
  "America/Montreal": [45.51666, -73.56667],
  "America/Montserrat": [16.71666, -62.21667],
  "America/Nassau": [25.08333, -77.35],
  "America/New_York": [40.71416, -74.00639],
  "America/Nipigon": [49.01666, -88.26667],
  "America/Nome": [64.50111, -165.40639],
  "America/Noronha": [-3.85, -32.41667],
  "America/North_Dakota/Beulah": [47.26416, -101.77778],
  "America/North_Dakota/Center": [47.11638, -101.29917],
  "America/North_Dakota/New_Salem": [46.845, -101.41084],
  "America/Ojinaga": [29.56666, -104.41667],
  "America/Panama": [8.96666, -79.53334],
  "America/Pangnirtung": [66.13333, -65.73334],
  "America/Paramaribo": [5.83333, -55.16667],
  "America/Phoenix": [33.44833, -112.07334],
  "America/Port-au-Prince": [18.53333, -72.33334],
  "America/Port_of_Spain": [10.65, -61.51667],
  "America/Porto_Velho": [-8.76667, -63.9],
  "America/Puerto_Rico": [18.46833, -66.10612],
  "America/Rainy_River": [48.71666, -94.56667],
  "America/Rankin_Inlet": [62.81666, -92.08306],
  "America/Recife": [-8.05, -34.9],
  "America/Regina": [50.4, -104.65001],
  "America/Resolute": [74.69555, -94.82917],
  "America/Rio_Branco": [-9.96667, -67.8],
  "America/Santa_Isabel": [30.3, -114.86667],
  "America/Santarem": [-2.43334, -54.86667],
  "America/Santiago": [-33.45, -70.66667],
  "America/Santo_Domingo": [18.46666, -69.9],
  "America/Sao_Paulo": [-23.53334, -46.61667],
  "America/Scoresbysund": [70.48333, -21.96667],
  "America/Shiprock": [36.78555, -108.68639],
  "America/Sitka": [57.17638, -135.30195],